rank,file,t_sec,score,U,A,D,n_boxes,n_ambiguous,empty,selected
1,frame_0074.jpg,29.6,0.7761,0.8094,0.5714,1.0,7,4,False,True
2,frame_0292.jpg,116.8,0.7497,0.6651,0.8571,0.8,6,6,False,True
3,frame_0077.jpg,30.8,0.7423,0.704,0.7143,0.88,8,5,False,False
4,frame_0076.jpg,30.4,0.7206,0.559,0.8571,0.92,8,6,False,False
5,frame_0291.jpg,116.4,0.7157,0.7525,0.5714,0.84,7,4,False,False
6,frame_0127.jpg,50.8,0.7018,0.6551,0.7143,0.8,5,5,False,True
7,frame_0288.jpg,115.2,0.6976,0.6786,0.7143,0.72,7,5,False,False
8,frame_0170.jpg,68.0,0.6962,0.7719,0.7143,0.48,9,5,False,True
9,frame_0284.jpg,113.6,0.6841,0.7157,0.7143,0.56,5,5,False,True
10,frame_0071.jpg,28.4,0.6785,0.6998,0.4286,1.0,7,3,False,False
11,frame_0384.jpg,153.6,0.6778,0.6916,1.0,0.16,9,7,False,True
12,frame_0005.jpg,2.0,0.6746,0.5206,0.7143,1.0,5,5,False,True
13,frame_0008.jpg,3.2,0.6727,0.6883,0.4286,1.0,3,3,False,False
14,frame_0001.jpg,0.4,0.6716,0.6003,0.5714,1.0,7,4,False,False
15,frame_0075.jpg,30.0,0.6661,0.6054,0.5714,0.96,6,4,False,False
16,frame_0002.jpg,0.8,0.6645,0.5004,0.7143,1.0,7,5,False,False
17,frame_0030.jpg,12.0,0.6616,0.5804,0.5714,1.0,7,4,False,True
18,frame_0070.jpg,28.0,0.6572,0.5716,0.5714,1.0,7,4,False,False
19,frame_0072.jpg,28.8,0.6567,0.6563,0.4286,1.0,7,3,False,False
20,frame_0016.jpg,6.4,0.6557,0.3972,0.8571,1.0,6,6,False,True
21,frame_0188.jpg,75.2,0.6503,0.7703,0.8571,0.04,9,6,False,True
22,frame_0033.jpg,13.2,0.6451,0.5474,0.5714,1.0,7,4,False,False
23,frame_0029.jpg,11.6,0.6448,0.5468,0.5714,1.0,5,4,False,False
24,frame_0397.jpg,158.8,0.6417,0.7748,0.7143,0.2,6,5,False,True
25,frame_0375.jpg,150.0,0.6405,0.7725,0.7143,0.2,8,5,False,True
26,frame_0286.jpg,114.4,0.6343,0.7555,0.4286,0.64,7,3,False,False
27,frame_0073.jpg,29.2,0.6331,0.6091,0.4286,1.0,5,3,False,False
28,frame_0067.jpg,26.8,0.6316,0.5204,0.5714,1.0,8,4,False,False
29,frame_0294.jpg,117.6,0.6314,0.632,0.5714,0.72,5,4,False,False
30,frame_0275.jpg,110.0,0.6303,0.8378,0.5714,0.2,6,4,False,False
31,frame_0089.jpg,35.6,0.6267,0.6648,0.7143,0.4,6,5,False,False
32,frame_0014.jpg,5.6,0.6203,0.5835,0.4286,1.0,5,3,False,False
33,frame_0106.jpg,42.4,0.6198,0.7951,0.7143,0.04,9,5,False,False
34,frame_0000.jpg,0.0,0.6178,0.4928,0.5714,1.0,6,4,False,False
35,frame_0020.jpg,8.0,0.6145,0.5719,0.4286,1.0,4,3,False,False
36,frame_0079.jpg,31.6,0.6112,0.6453,0.4286,0.8,8,3,False,False
37,frame_0298.jpg,119.2,0.6072,0.6476,0.5714,0.56,7,4,False,False
38,frame_0377.jpg,150.8,0.607,0.7374,0.7143,0.12,8,5,False,False
39,frame_0095.jpg,38.0,0.6056,0.633,0.8571,0.16,6,6,False,False
40,frame_0173.jpg,69.2,0.6038,0.7207,0.5714,0.36,7,4,False,False
41,frame_0009.jpg,3.6,0.6013,0.6312,0.2857,1.0,2,2,False,False
42,frame_0129.jpg,51.6,0.6011,0.593,0.4286,0.88,5,3,False,False
43,frame_0230.jpg,92.0,0.5972,0.8036,0.5714,0.12,7,4,False,False
44,frame_0115.jpg,46.0,0.594,0.6315,0.7143,0.32,7,5,False,False
45,frame_0011.jpg,4.4,0.5878,0.6042,0.2857,1.0,4,2,False,False
46,frame_0387.jpg,154.8,0.5867,0.5791,0.8571,0.2,9,6,False,False
47,frame_0078.jpg,31.2,0.5831,0.6588,0.2857,0.84,8,2,False,False
48,frame_0128.jpg,51.2,0.5816,0.5701,0.4286,0.84,6,3,False,False
49,frame_0320.jpg,128.0,0.58,0.6354,0.7143,0.24,9,5,False,False
50,frame_0167.jpg,66.8,0.5779,0.4872,0.7143,0.6,5,5,False,False
51,frame_0186.jpg,74.4,0.5736,0.7027,0.7143,0.04,9,5,False,False
52,frame_0368.jpg,147.2,0.5728,0.701,0.7143,0.04,8,5,False,False
53,frame_0287.jpg,114.8,0.5724,0.7014,0.2857,0.68,6,2,False,False
54,frame_0290.jpg,116.0,0.5715,0.5659,0.4286,0.8,6,3,False,False
55,frame_0130.jpg,52.0,0.5679,0.5106,0.4286,0.92,5,3,False,False
56,frame_0031.jpg,12.4,0.5663,0.4754,0.4286,1.0,7,3,False,False
57,frame_0376.jpg,150.4,0.5646,0.8081,0.4286,0.16,6,3,False,False
58,frame_0017.jpg,6.8,0.5644,0.4716,0.4286,1.0,6,3,False,False
59,frame_0301.jpg,120.4,0.5634,0.608,0.5714,0.44,7,4,False,False
60,frame_0225.jpg,90.0,0.5628,0.7508,0.5714,0.08,4,4,False,False
61,frame_0302.jpg,120.8,0.5598,0.6167,0.5714,0.4,6,4,False,False
62,frame_0231.jpg,92.4,0.5589,0.5396,0.8571,0.16,10,6,False,False
63,frame_0169.jpg,67.6,0.5582,0.6513,0.4286,0.52,6,3,False,False
64,frame_0329.jpg,131.6,0.5559,0.7369,0.5714,0.08,9,4,False,False
65,frame_0003.jpg,1.2,0.5556,0.454,0.4286,1.0,5,3,False,False
66,frame_0028.jpg,11.2,0.5552,0.5389,0.2857,1.0,3,2,False,False
67,frame_0026.jpg,10.4,0.5544,0.4516,0.4286,1.0,4,3,False,False
68,frame_0018.jpg,7.2,0.5543,0.5371,0.2857,1.0,5,2,False,False
69,frame_0021.jpg,8.4,0.5542,0.4513,0.4286,1.0,6,3,False,False
70,frame_0015.jpg,6.0,0.554,0.4508,0.4286,1.0,5,3,False,False
71,frame_0296.jpg,118.4,0.5538,0.5087,0.5714,0.64,6,4,False,False
72,frame_0004.jpg,1.6,0.551,0.3591,0.5714,1.0,7,4,False,False
73,frame_0199.jpg,79.6,0.5473,0.8168,0.1429,0.48,1,1,False,False
74,frame_0328.jpg,131.2,0.5421,0.7094,0.5714,0.08,7,4,False,False
75,frame_0367.jpg,146.8,0.5388,0.6171,0.7143,0.08,9,5,False,False
76,frame_0124.jpg,49.6,0.5331,0.537,0.4286,0.68,6,3,False,False
77,frame_0295.jpg,118.0,0.533,0.6225,0.2857,0.68,6,2,False,False
78,frame_0385.jpg,154.0,0.5317,0.6406,0.5714,0.2,9,4,False,False
79,frame_0209.jpg,83.6,0.5308,0.6021,0.2857,0.72,3,2,False,False
80,frame_0183.jpg,73.2,0.5306,0.788,0.4286,0.04,4,3,False,False
81,frame_0306.jpg,122.4,0.5276,0.7021,0.4286,0.24,7,3,False,False
82,frame_0278.jpg,111.2,0.5257,0.5806,0.5714,0.32,8,4,False,False
83,frame_0279.jpg,111.6,0.5255,0.5641,0.5714,0.36,6,4,False,False
84,frame_0388.jpg,155.2,0.5229,0.5532,0.7143,0.16,10,5,False,False
85,frame_0122.jpg,48.8,0.5227,0.5483,0.4286,0.6,3,3,False,False
86,frame_0378.jpg,151.2,0.5198,0.5791,0.7143,0.08,9,5,False,False
87,frame_0293.jpg,117.2,0.5162,0.4712,0.4286,0.76,7,3,False,False
88,frame_0132.jpg,52.8,0.5152,0.459,0.2857,1.0,5,2,False,False
89,frame_0276.jpg,110.4,0.5137,0.6742,0.4286,0.24,8,3,False,False
90,frame_0389.jpg,155.6,0.5118,0.7185,0.4286,0.12,7,3,False,False
91,frame_0131.jpg,52.4,0.5088,0.4621,0.2857,0.96,4,2,False,False
92,frame_0210.jpg,84.0,0.507,0.4848,0.4286,0.68,5,3,False,False
93,frame_0123.jpg,49.2,0.5062,0.7564,0.0,0.64,5,0,False,False
94,frame_0126.jpg,50.4,0.5011,0.5268,0.2857,0.76,5,2,False,False
95,frame_0372.jpg,148.8,0.5006,0.5247,0.7143,0.12,6,5,False,False
96,frame_0398.jpg,159.2,0.4936,0.6341,0.4286,0.24,7,3,False,False
97,frame_0191.jpg,76.4,0.4915,0.7475,0.2857,0.16,3,2,False,False
98,frame_0012.jpg,4.8,0.4903,0.4091,0.2857,1.0,4,2,False,False
99,frame_0303.jpg,121.2,0.485,0.4831,0.5714,0.36,7,4,False,False
100,frame_0010.jpg,4.0,0.4835,0.4813,0.1429,1.0,3,1,False,False
101,frame_0013.jpg,5.2,0.4824,0.4791,0.1429,1.0,3,1,False,False
102,frame_0175.jpg,70.0,0.4814,0.5936,0.4286,0.28,5,3,False,False
103,frame_0069.jpg,27.6,0.4807,0.39,0.2857,1.0,6,2,False,False
104,frame_0193.jpg,77.2,0.4795,0.5201,0.5714,0.24,6,4,False,False
105,frame_0304.jpg,121.6,0.4792,0.5733,0.4286,0.32,8,3,False,False
106,frame_0297.jpg,118.8,0.479,0.6322,0.1429,0.6,6,1,False,False
107,frame_0299.jpg,119.6,0.4775,0.4899,0.4286,0.52,8,3,False,False
108,frame_0177.jpg,70.8,0.4772,0.5316,0.5714,0.2,6,4,False,False
109,frame_0330.jpg,132.0,0.4753,0.5917,0.5714,0.04,8,4,False,False
110,frame_0374.jpg,149.6,0.4752,0.6132,0.4286,0.2,8,3,False,False
111,frame_0327.jpg,130.8,0.4745,0.6759,0.4286,0.04,8,3,False,False
112,frame_0277.jpg,110.8,0.4716,0.574,0.4286,0.28,8,3,False,False
113,frame_0006.jpg,2.4,0.4713,0.3712,0.2857,1.0,4,2,False,False
114,frame_0280.jpg,112.0,0.4711,0.6108,0.2857,0.4,8,2,False,False
115,frame_0379.jpg,151.6,0.4692,0.5796,0.5714,0.04,8,4,False,False
116,frame_0307.jpg,122.8,0.469,0.5152,0.5714,0.2,8,4,False,False
117,frame_0371.jpg,148.4,0.468,0.5612,0.5714,0.08,5,4,False,False
118,frame_0318.jpg,127.2,0.467,0.4952,0.5714,0.24,9,4,False,False
119,frame_0108.jpg,43.2,0.4651,0.5714,0.5714,0.04,5,4,False,False
120,frame_0027.jpg,10.8,0.4629,0.4401,0.1429,1.0,5,1,False,False
121,frame_0232.jpg,92.8,0.4572,0.4915,0.5714,0.2,6,4,False,False
122,frame_0281.jpg,112.4,0.4547,0.4763,0.4286,0.44,5,3,False,False
123,frame_0289.jpg,115.6,0.4546,0.5194,0.1429,0.76,5,1,False,False
124,frame_0305.jpg,122.0,0.4545,0.4541,0.5714,0.28,7,4,False,False
125,frame_0125.jpg,50.0,0.4525,0.4456,0.2857,0.72,4,2,False,False
126,frame_0176.jpg,70.4,0.4521,0.5511,0.4286,0.24,7,3,False,False
127,frame_0319.jpg,127.6,0.4518,0.4488,0.5714,0.28,8,4,False,False
128,frame_0399.jpg,159.6,0.4508,0.5324,0.4286,0.28,7,3,False,False
129,frame_0087.jpg,34.8,0.449,0.4488,0.4286,0.48,4,3,False,False
130,frame_0019.jpg,7.6,0.4474,0.4091,0.1429,1.0,3,1,False,False
131,frame_0007.jpg,2.8,0.4463,0.3211,0.2857,1.0,5,2,False,False
132,frame_0024.jpg,9.6,0.4425,0.3993,0.1429,1.0,2,1,False,False
133,frame_0332.jpg,132.8,0.4397,0.692,0.2857,0.04,5,2,False,False
134,frame_0088.jpg,35.2,0.4348,0.6079,0.1429,0.44,4,1,False,False
135,frame_0171.jpg,68.4,0.4348,0.4365,0.4286,0.44,7,3,False,False
136,frame_0390.jpg,156.0,0.4346,0.4943,0.5714,0.08,6,4,False,False
137,frame_0097.jpg,38.8,0.4341,0.579,0.4286,0.08,6,3,False,False
138,frame_0229.jpg,91.6,0.4333,0.5774,0.4286,0.08,7,3,False,False
139,frame_0274.jpg,109.6,0.4311,0.541,0.4286,0.16,5,3,False,False
140,frame_0168.jpg,67.2,0.431,0.5523,0.1429,0.56,6,1,False,False
141,frame_0118.jpg,47.2,0.4309,0.4286,0.4286,0.44,7,3,False,False
142,frame_0032.jpg,12.8,0.4307,0.3757,0.1429,1.0,4,1,False,False
143,frame_0313.jpg,125.2,0.429,0.6706,0.2857,0.04,2,2,False,False
144,frame_0120.jpg,48.0,0.4268,0.4742,0.2857,0.52,6,2,False,False
145,frame_0184.jpg,73.6,0.425,0.5609,0.4286,0.08,6,3,False,False
146,frame_0068.jpg,27.2,0.4245,0.3633,0.1429,1.0,8,1,False,False
147,frame_0196.jpg,78.4,0.421,0.6122,0.1429,0.36,2,1,False,False
148,frame_0025.jpg,10.0,0.4208,0.3559,0.1429,1.0,3,1,False,False
149,frame_0395.jpg,158.0,0.4165,0.4422,0.5714,0.12,5,4,False,False
150,frame_0096.jpg,38.4,0.416,0.6125,0.2857,0.12,7,2,False,False
151,frame_0133.jpg,53.2,0.4134,0.341,0.1429,1.0,5,1,False,False
152,frame_0282.jpg,112.8,0.4063,0.4492,0.2857,0.48,7,2,False,False
153,frame_0309.jpg,123.6,0.4062,0.4216,0.5714,0.12,6,4,False,False
154,frame_0396.jpg,158.4,0.4047,0.4883,0.4286,0.16,7,3,False,False
155,frame_0198.jpg,79.2,0.4032,0.5447,0.1429,0.44,2,1,False,False
156,frame_0121.jpg,48.4,0.4026,0.4098,0.2857,0.56,6,2,False,False
157,frame_0194.jpg,77.6,0.4026,0.436,0.4286,0.28,5,3,False,False
158,frame_0081.jpg,32.4,0.4012,0.3429,0.2857,0.72,7,2,False,False
159,frame_0202.jpg,80.8,0.399,0.3866,0.2857,0.6,5,2,False,False
160,frame_0185.jpg,74.0,0.3986,0.5938,0.2857,0.08,7,2,False,False
161,frame_0211.jpg,84.4,0.398,0.3686,0.2857,0.64,5,2,False,False
162,frame_0373.jpg,149.2,0.3965,0.4719,0.4286,0.16,7,3,False,False
163,frame_0023.jpg,9.2,0.3942,0.3027,0.1429,1.0,3,1,False,False
164,frame_0386.jpg,154.4,0.3942,0.6067,0.1429,0.24,7,1,False,False
165,frame_0207.jpg,82.8,0.3929,0.2944,0.2857,0.8,4,2,False,False
166,frame_0200.jpg,80.0,0.3923,0.4051,0.2857,0.52,3,2,False,False
167,frame_0174.jpg,69.6,0.3899,0.3947,0.4286,0.32,5,3,False,False
168,frame_0215.jpg,86.0,0.3899,0.4164,0.2857,0.48,8,2,False,False
169,frame_0217.jpg,86.8,0.3888,0.5318,0.1429,0.4,3,1,False,False
170,frame_0321.jpg,128.4,0.3882,0.4393,0.4286,0.2,7,3,False,False
171,frame_0272.jpg,108.8,0.3865,0.5695,0.2857,0.08,4,2,False,False
172,frame_0116.jpg,46.4,0.3859,0.542,0.1429,0.36,7,1,False,False
173,frame_0322.jpg,128.8,0.3851,0.449,0.4286,0.16,5,3,False,False
174,frame_0098.jpg,39.2,0.385,0.4968,0.4286,0.04,7,3,False,False
175,frame_0205.jpg,82.0,0.3797,0.3857,0.1429,0.72,3,1,False,False
176,frame_0267.jpg,106.8,0.3794,0.4537,0.4286,0.12,3,3,False,False
177,frame_0214.jpg,85.6,0.3779,0.3763,0.2857,0.52,3,2,False,False
178,frame_0100.jpg,40.0,0.3766,0.48,0.4286,0.04,5,3,False,False
179,frame_0285.jpg,114.0,0.3761,0.5123,0.0,0.6,5,0,False,False
180,frame_0094.jpg,37.6,0.3691,0.4868,0.2857,0.2,4,2,False,False
181,frame_0333.jpg,133.2,0.3688,0.4485,0.4286,0.08,6,3,False,False
182,frame_0104.jpg,41.6,0.3687,0.4322,0.4286,0.12,4,3,False,False
183,frame_0201.jpg,80.4,0.3678,0.3402,0.2857,0.56,4,2,False,False
184,frame_0114.jpg,45.6,0.3661,0.4487,0.2857,0.28,6,2,False,False
185,frame_0300.jpg,120.0,0.3656,0.3678,0.2857,0.48,7,2,False,False
186,frame_0112.jpg,44.8,0.3655,0.5652,0.1429,0.2,6,1,False,False
187,frame_0223.jpg,89.2,0.3642,0.4072,0.4286,0.16,6,3,False,False
188,frame_0222.jpg,88.8,0.3626,0.5595,0.1429,0.2,4,1,False,False
189,frame_0233.jpg,93.2,0.3625,0.4576,0.2857,0.24,8,2,False,False
190,frame_0315.jpg,126.0,0.3585,0.4118,0.4286,0.12,6,3,False,False
191,frame_0224.jpg,89.6,0.3581,0.4967,0.2857,0.12,4,2,False,False
192,frame_0179.jpg,71.6,0.3577,0.4103,0.4286,0.12,7,3,False,False
193,frame_0082.jpg,32.8,0.3519,0.346,0.1429,0.68,7,1,False,False
194,frame_0383.jpg,153.2,0.3519,0.3986,0.4286,0.12,5,3,False,False
195,frame_0101.jpg,40.4,0.3506,0.5834,0.1429,0.08,3,1,False,False
196,frame_0317.jpg,126.8,0.3486,0.5314,0.1429,0.2,6,1,False,False
197,frame_0283.jpg,113.2,0.3478,0.4018,0.1429,0.52,7,1,False,False
198,frame_0213.jpg,85.2,0.346,0.468,0.0,0.56,2,0,False,False
199,frame_0226.jpg,90.4,0.3425,0.4118,0.4286,0.04,5,3,False,False
200,frame_0220.jpg,88.0,0.3424,0.4013,0.2857,0.28,4,2,False,False
201,frame_0208.jpg,83.2,0.3412,0.2927,0.1429,0.76,5,1,False,False
202,frame_0218.jpg,87.2,0.3333,0.4368,0.1429,0.36,6,1,False,False
203,frame_0189.jpg,75.6,0.3325,0.4615,0.2857,0.08,5,2,False,False
204,frame_0091.jpg,36.4,0.3319,0.3644,0.2857,0.32,4,2,False,False
205,frame_0086.jpg,34.4,0.3302,0.2809,0.2857,0.52,5,2,False,False
206,frame_0105.jpg,42.0,0.3296,0.4558,0.2857,0.08,7,2,False,False
207,frame_0394.jpg,157.6,0.3269,0.3646,0.4286,0.08,5,3,False,False
208,frame_0080.jpg,32.0,0.3266,0.2634,0.1429,0.76,10,1,False,False
209,frame_0273.jpg,109.2,0.3257,0.432,0.2857,0.12,4,2,False,False
210,frame_0197.jpg,78.8,0.3256,0.4054,0.1429,0.4,1,1,False,False
211,frame_0323.jpg,129.2,0.3232,0.3412,0.4286,0.12,6,3,False,False
212,frame_0090.jpg,36.0,0.321,0.4123,0.1429,0.36,6,1,False,False
213,frame_0085.jpg,34.0,0.3192,0.3287,0.1429,0.56,3,1,False,False
214,frame_0084.jpg,33.6,0.3178,0.3098,0.1429,0.6,5,1,False,False
215,frame_0216.jpg,86.4,0.3158,0.3698,0.1429,0.44,5,1,False,False
216,frame_0391.jpg,156.4,0.315,0.4425,0.2857,0.04,7,2,False,False
217,frame_0083.jpg,33.2,0.3122,0.2826,0.1429,0.64,6,1,False,False
218,frame_0180.jpg,72.0,0.3115,0.3339,0.4286,0.08,6,3,False,False
219,frame_0113.jpg,45.2,0.3102,0.3529,0.2857,0.24,9,2,False,False
220,frame_0268.jpg,107.2,0.3081,0.4984,0.1429,0.08,4,1,False,False
221,frame_0228.jpg,91.2,0.3022,0.417,0.2857,0.04,5,2,False,False
222,frame_0206.jpg,82.4,0.3012,0.2983,0.0,0.76,4,0,False,False
223,frame_0111.jpg,44.4,0.2994,0.3634,0.2857,0.16,4,2,False,False
224,frame_0212.jpg,84.8,0.2954,0.2651,0.1429,0.6,3,1,False,False
225,frame_0195.jpg,78.0,0.2947,0.3756,0.1429,0.32,4,1,False,False
226,frame_0117.jpg,46.8,0.2918,0.3378,0.1429,0.4,5,1,False,False
227,frame_0022.jpg,8.8,0.2904,0.1809,0.0,1.0,4,0,False,False
228,frame_0109.jpg,43.6,0.2838,0.3641,0.2857,0.08,6,2,False,False
229,frame_0178.jpg,71.2,0.2835,0.3315,0.2857,0.16,6,2,False,False
230,frame_0269.jpg,107.6,0.2784,0.3694,0.2857,0.04,5,2,False,False
231,frame_0219.jpg,87.6,0.2777,0.3417,0.1429,0.32,4,1,False,False
232,frame_0308.jpg,123.2,0.2745,0.3136,0.2857,0.16,5,2,False,False
233,frame_0271.jpg,108.4,0.2665,0.4312,0.1429,0.04,4,1,False,False
234,frame_0103.jpg,41.2,0.2614,0.2874,0.2857,0.16,5,2,False,False
235,frame_0092.jpg,36.8,0.2603,0.3229,0.1429,0.28,4,1,False,False
236,frame_0310.jpg,124.0,0.2601,0.3167,0.2857,0.08,5,2,False,False
237,frame_0381.jpg,152.4,0.2562,0.325,0.2857,0.04,5,2,False,False
238,frame_0316.jpg,126.4,0.2536,0.3574,0.1429,0.16,7,1,False,False
239,frame_0119.jpg,47.6,0.2515,0.2252,0.1429,0.48,5,1,False,False
240,frame_0370.jpg,148.0,0.2495,0.3116,0.2857,0.04,6,2,False,False
241,frame_0190.jpg,76.0,0.2481,0.3625,0.1429,0.12,4,1,False,False
242,frame_0382.jpg,152.8,0.245,0.2866,0.2857,0.08,6,2,False,False
243,frame_0324.jpg,129.6,0.244,0.2846,0.2857,0.08,4,2,False,False
244,frame_0221.jpg,88.4,0.2421,0.3024,0.1429,0.24,6,1,False,False
245,frame_0181.jpg,72.4,0.24,0.2926,0.2857,0.04,6,2,False,False
246,frame_0314.jpg,125.6,0.2328,0.3478,0.1429,0.08,5,1,False,False
247,frame_0172.jpg,68.8,0.2323,0.2188,0.1429,0.4,5,1,False,False
248,frame_0311.jpg,124.4,0.2294,0.357,0.1429,0.04,6,1,False,False
249,frame_0204.jpg,81.6,0.2232,0.1743,0.0,0.68,2,0,False,False
250,frame_0203.jpg,81.2,0.2204,0.1848,0.0,0.64,5,0,False,False
251,frame_0192.jpg,76.8,0.2145,0.2633,0.1429,0.2,5,1,False,False
252,frame_0093.jpg,37.2,0.195,0.2082,0.1429,0.24,4,1,False,False
253,frame_0102.jpg,40.8,0.1859,0.2381,0.1429,0.12,5,1,False,False
254,frame_0393.jpg,157.2,0.1683,0.2349,0.1429,0.04,5,1,False,False
255,frame_0325.jpg,130.0,0.1612,0.2206,0.1429,0.04,6,1,False,False
256,frame_0110.jpg,44.0,0.1602,0.1867,0.1429,0.12,3,1,False,False
